day;id;name;sell_in;quality
0;0;+5 Dexterity Vest;10;20
0;1;Aged Brie;2;0
0;2;Elixir of the Mongoose;5;7
0;3;Sulfuras, Hand of Ragnaros;0;80
0;4;Sulfuras, Hand of Ragnaros;-1;80
0;5;Backstage passes to a TAFKAL80ETC concert;15;20
0;6;Backstage passes to a TAFKAL80ETC concert;10;49
0;7;Backstage passes to a TAFKAL80ETC concert;5;49
0;8;Conjured Mana Cake;3;6
1;0;+5 Dexterity Vest;9;19
1;1;Aged Brie;1;1
1;2;Elixir of the Mongoose;4;6
1;3;Sulfuras, Hand of Ragnaros;0;80
1;4;Sulfuras, Hand of Ragnaros;-1;80
1;5;Backstage passes to a TAFKAL80ETC concert;14;21
1;6;Backstage passes to a TAFKAL80ETC concert;9;50
1;7;Backstage passes to a TAFKAL80ETC concert;4;50
1;8;Conjured Mana Cake;2;4
2;0;+5 Dexterity Vest;8;18
2;1;Aged Brie;0;2
2;2;Elixir of the Mongoose;3;5
2;3;Sulfuras, Hand of Ragnaros;0;80
2;4;Sulfuras, Hand of Ragnaros;-1;80
2;5;Backstage passes to a TAFKAL80ETC concert;13;22
2;6;Backstage passes to a TAFKAL80ETC concert;8;50
2;7;Backstage passes to a TAFKAL80ETC concert;3;50
2;8;Conjured Mana Cake;1;2
3;0;+5 Dexterity Vest;7;17
3;1;Aged Brie;-1;4
3;2;Elixir of the Mongoose;2;4
3;3;Sulfuras, Hand of Ragnaros;0;80
3;4;Sulfuras, Hand of Ragnaros;-1;80
3;5;Backstage passes to a TAFKAL80ETC concert;12;23
3;6;Backstage passes to a TAFKAL80ETC concert;7;50
3;7;Backstage passes to a TAFKAL80ETC concert;2;50
3;8;Conjured Mana Cake;0;0
4;0;+5 Dexterity Vest;6;16
4;1;Aged Brie;-2;6
4;2;Elixir of the Mongoose;1;3
4;3;Sulfuras, Hand of Ragnaros;0;80
4;4;Sulfuras, Hand of Ragnaros;-1;80
4;5;Backstage passes to a TAFKAL80ETC concert;11;24
4;6;Backstage passes to a TAFKAL80ETC concert;6;50
4;7;Backstage passes to a TAFKAL80ETC concert;1;50
4;8;Conjured Mana Cake;-1;0
5;0;+5 Dexterity Vest;5;15
5;1;Aged Brie;-3;8
5;2;Elixir of the Mongoose;0;2
5;3;Sulfuras, Hand of Ragnaros;0;80
5;4;Sulfuras, Hand of Ragnaros;-1;80
5;5;Backstage passes to a TAFKAL80ETC concert;10;25
5;6;Backstage passes to a TAFKAL80ETC concert;5;50
5;7;Backstage passes to a TAFKAL80ETC concert;0;50
5;8;Conjured Mana Cake;-2;0
6;0;+5 Dexterity Vest;4;14
6;1;Aged Brie;-4;10
6;2;Elixir of the Mongoose;-1;0
6;3;Sulfuras, Hand of Ragnaros;0;80
6;4;Sulfuras, Hand of Ragnaros;-1;80
6;5;Backstage passes to a TAFKAL80ETC concert;9;27
6;6;Backstage passes to a TAFKAL80ETC concert;4;50
6;7;Backstage passes to a TAFKAL80ETC concert;-1;0
6;8;Conjured Mana Cake;-3;0
7;0;+5 Dexterity Vest;3;13
7;1;Aged Brie;-5;12
7;2;Elixir of the Mongoose;-2;0
7;3;Sulfuras, Hand of Ragnaros;0;80
7;4;Sulfuras, Hand of Ragnaros;-1;80
7;5;Backstage passes to a TAFKAL80ETC concert;8;29
7;6;Backstage passes to a TAFKAL80ETC concert;3;50
7;7;Backstage passes to a TAFKAL80ETC concert;-2;0
7;8;Conjured Mana Cake;-4;0
8;0;+5 Dexterity Vest;2;12
8;1;Aged Brie;-6;14
8;2;Elixir of the Mongoose;-3;0
8;3;Sulfuras, Hand of Ragnaros;0;80
8;4;Sulfuras, Hand of Ragnaros;-1;80
8;5;Backstage passes to a TAFKAL80ETC concert;7;31
8;6;Backstage passes to a TAFKAL80ETC concert;2;50
8;7;Backstage passes to a TAFKAL80ETC concert;-3;0
8;8;Conjured Mana Cake;-5;0
9;0;+5 Dexterity Vest;1;11
9;1;Aged Brie;-7;16
9;2;Elixir of the Mongoose;-4;0
9;3;Sulfuras, Hand of Ragnaros;0;80
9;4;Sulfuras, Hand of Ragnaros;-1;80
9;5;Backstage passes to a TAFKAL80ETC concert;6;33
9;6;Backstage passes to a TAFKAL80ETC concert;1;50
9;7;Backstage passes to a TAFKAL80ETC concert;-4;0
9;8;Conjured Mana Cake;-6;0
10;0;+5 Dexterity Vest;0;10
10;1;Aged Brie;-8;18
10;2;Elixir of the Mongoose;-5;0
10;3;Sulfuras, Hand of Ragnaros;0;80
10;4;Sulfuras, Hand of Ragnaros;-1;80
10;5;Backstage passes to a TAFKAL80ETC concert;5;35
10;6;Backstage passes to a TAFKAL80ETC concert;0;50
10;7;Backstage passes to a TAFKAL80ETC concert;-5;0
10;8;Conjured Mana Cake;-7;0
11;0;+5 Dexterity Vest;-1;8
11;1;Aged Brie;-9;20
11;2;Elixir of the Mongoose;-6;0
11;3;Sulfuras, Hand of Ragnaros;0;80
11;4;Sulfuras, Hand of Ragnaros;-1;80
11;5;Backstage passes to a TAFKAL80ETC concert;4;38
11;6;Backstage passes to a TAFKAL80ETC concert;-1;0
11;7;Backstage passes to a TAFKAL80ETC concert;-6;0
11;8;Conjured Mana Cake;-8;0
12;0;+5 Dexterity Vest;-2;6
12;1;Aged Brie;-10;22
12;2;Elixir of the Mongoose;-7;0
12;3;Sulfuras, Hand of Ragnaros;0;80
12;4;Sulfuras, Hand of Ragnaros;-1;80
12;5;Backstage passes to a TAFKAL80ETC concert;3;41
12;6;Backstage passes to a TAFKAL80ETC concert;-2;0
12;7;Backstage passes to a TAFKAL80ETC concert;-7;0
12;8;Conjured Mana Cake;-9;0
13;0;+5 Dexterity Vest;-3;4
13;1;Aged Brie;-11;24
13;2;Elixir of the Mongoose;-8;0
13;3;Sulfuras, Hand of Ragnaros;0;80
13;4;Sulfuras, Hand of Ragnaros;-1;80
13;5;Backstage passes to a TAFKAL80ETC concert;2;44
13;6;Backstage passes to a TAFKAL80ETC concert;-3;0
13;7;Backstage passes to a TAFKAL80ETC concert;-8;0
13;8;Conjured Mana Cake;-10;0
14;0;+5 Dexterity Vest;-4;2
14;1;Aged Brie;-12;26
14;2;Elixir of the Mongoose;-9;0
14;3;Sulfuras, Hand of Ragnaros;0;80
14;4;Sulfuras, Hand of Ragnaros;-1;80
14;5;Backstage passes to a TAFKAL80ETC concert;1;47
14;6;Backstage passes to a TAFKAL80ETC concert;-4;0
14;7;Backstage passes to a TAFKAL80ETC concert;-9;0
14;8;Conjured Mana Cake;-11;0
15;0;+5 Dexterity Vest;-5;0
15;1;Aged Brie;-13;28
15;2;Elixir of the Mongoose;-10;0
15;3;Sulfuras, Hand of Ragnaros;0;80
15;4;Sulfuras, Hand of Ragnaros;-1;80
15;5;Backstage passes to a TAFKAL80ETC concert;0;50
15;6;Backstage passes to a TAFKAL80ETC concert;-5;0
15;7;Backstage passes to a TAFKAL80ETC concert;-10;0
15;8;Conjured Mana Cake;-12;0
16;0;+5 Dexterity Vest;-6;0
16;1;Aged Brie;-14;30
16;2;Elixir of the Mongoose;-11;0
16;3;Sulfuras, Hand of Ragnaros;0;80
16;4;Sulfuras, Hand of Ragnaros;-1;80
16;5;Backstage passes to a TAFKAL80ETC concert;-1;0
16;6;Backstage passes to a TAFKAL80ETC concert;-6;0
16;7;Backstage passes to a TAFKAL80ETC concert;-11;0
16;8;Conjured Mana Cake;-13;0
17;0;+5 Dexterity Vest;-7;0
17;1;Aged Brie;-15;32
17;2;Elixir of the Mongoose;-12;0
17;3;Sulfuras, Hand of Ragnaros;0;80
17;4;Sulfuras, Hand of Ragnaros;-1;80
17;5;Backstage passes to a TAFKAL80ETC concert;-2;0
17;6;Backstage passes to a TAFKAL80ETC concert;-7;0
17;7;Backstage passes to a TAFKAL80ETC concert;-12;0
17;8;Conjured Mana Cake;-14;0
18;0;+5 Dexterity Vest;-8;0
18;1;Aged Brie;-16;34
18;2;Elixir of the Mongoose;-13;0
18;3;Sulfuras, Hand of Ragnaros;0;80
18;4;Sulfuras, Hand of Ragnaros;-1;80
18;5;Backstage passes to a TAFKAL80ETC concert;-3;0
18;6;Backstage passes to a TAFKAL80ETC concert;-8;0
18;7;Backstage passes to a TAFKAL80ETC concert;-13;0
18;8;Conjured Mana Cake;-15;0
19;0;+5 Dexterity Vest;-9;0
19;1;Aged Brie;-17;36
19;2;Elixir of the Mongoose;-14;0
19;3;Sulfuras, Hand of Ragnaros;0;80
19;4;Sulfuras, Hand of Ragnaros;-1;80
19;5;Backstage passes to a TAFKAL80ETC concert;-4;0
19;6;Backstage passes to a TAFKAL80ETC concert;-9;0
19;7;Backstage passes to a TAFKAL80ETC concert;-14;0
19;8;Conjured Mana Cake;-16;0
20;0;+5 Dexterity Vest;-10;0
20;1;Aged Brie;-18;38
20;2;Elixir of the Mongoose;-15;0
20;3;Sulfuras, Hand of Ragnaros;0;80
20;4;Sulfuras, Hand of Ragnaros;-1;80
20;5;Backstage passes to a TAFKAL80ETC concert;-5;0
20;6;Backstage passes to a TAFKAL80ETC concert;-10;0
20;7;Backstage passes to a TAFKAL80ETC concert;-15;0
20;8;Conjured Mana Cake;-17;0
21;0;+5 Dexterity Vest;-11;0
21;1;Aged Brie;-19;40
21;2;Elixir of the Mongoose;-16;0
21;3;Sulfuras, Hand of Ragnaros;0;80
21;4;Sulfuras, Hand of Ragnaros;-1;80
21;5;Backstage passes to a TAFKAL80ETC concert;-6;0
21;6;Backstage passes to a TAFKAL80ETC concert;-11;0
21;7;Backstage passes to a TAFKAL80ETC concert;-16;0
21;8;Conjured Mana Cake;-18;0
22;0;+5 Dexterity Vest;-12;0
22;1;Aged Brie;-20;42
22;2;Elixir of the Mongoose;-17;0
22;3;Sulfuras, Hand of Ragnaros;0;80
22;4;Sulfuras, Hand of Ragnaros;-1;80
22;5;Backstage passes to a TAFKAL80ETC concert;-7;0
22;6;Backstage passes to a TAFKAL80ETC concert;-12;0
22;7;Backstage passes to a TAFKAL80ETC concert;-17;0
22;8;Conjured Mana Cake;-19;0
23;0;+5 Dexterity Vest;-13;0
23;1;Aged Brie;-21;44
23;2;Elixir of the Mongoose;-18;0
23;3;Sulfuras, Hand of Ragnaros;0;80
23;4;Sulfuras, Hand of Ragnaros;-1;80
23;5;Backstage passes to a TAFKAL80ETC concert;-8;0
23;6;Backstage passes to a TAFKAL80ETC concert;-13;0
23;7;Backstage passes to a TAFKAL80ETC concert;-18;0
23;8;Conjured Mana Cake;-20;0
24;0;+5 Dexterity Vest;-14;0
24;1;Aged Brie;-22;46
24;2;Elixir of the Mongoose;-19;0
24;3;Sulfuras, Hand of Ragnaros;0;80
24;4;Sulfuras, Hand of Ragnaros;-1;80
24;5;Backstage passes to a TAFKAL80ETC concert;-9;0
24;6;Backstage passes to a TAFKAL80ETC concert;-14;0
24;7;Backstage passes to a TAFKAL80ETC concert;-19;0
24;8;Conjured Mana Cake;-21;0
25;0;+5 Dexterity Vest;-15;0
25;1;Aged Brie;-23;48
25;2;Elixir of the Mongoose;-20;0
25;3;Sulfuras, Hand of Ragnaros;0;80
25;4;Sulfuras, Hand of Ragnaros;-1;80
25;5;Backstage passes to a TAFKAL80ETC concert;-10;0
25;6;Backstage passes to a TAFKAL80ETC concert;-15;0
25;7;Backstage passes to a TAFKAL80ETC concert;-20;0
25;8;Conjured Mana Cake;-22;0
26;0;+5 Dexterity Vest;-16;0
26;1;Aged Brie;-24;50
26;2;Elixir of the Mongoose;-21;0
26;3;Sulfuras, Hand of Ragnaros;0;80
26;4;Sulfuras, Hand of Ragnaros;-1;80
26;5;Backstage passes to a TAFKAL80ETC concert;-11;0
26;6;Backstage passes to a TAFKAL80ETC concert;-16;0
26;7;Backstage passes to a TAFKAL80ETC concert;-21;0
26;8;Conjured Mana Cake;-23;0
27;0;+5 Dexterity Vest;-17;0
27;1;Aged Brie;-24;50
27;2;Elixir of the Mongoose;-22;0
27;3;Sulfuras, Hand of Ragnaros;0;80
27;4;Sulfuras, Hand of Ragnaros;-1;80
27;5;Backstage passes to a TAFKAL80ETC concert;-12;0
27;6;Backstage passes to a TAFKAL80ETC concert;-17;0
27;7;Backstage passes to a TAFKAL80ETC concert;-22;0
27;8;Conjured Mana Cake;-24;0
28;0;+5 Dexterity Vest;-18;0
28;1;Aged Brie;-24;50
28;2;Elixir of the Mongoose;-23;0
28;3;Sulfuras, Hand of Ragnaros;0;80
28;4;Sulfuras, Hand of Ragnaros;-1;80
28;5;Backstage passes to a TAFKAL80ETC concert;-13;0
28;6;Backstage passes to a TAFKAL80ETC concert;-18;0
28;7;Backstage passes to a TAFKAL80ETC concert;-23;0
28;8;Conjured Mana Cake;-25;0
29;0;+5 Dexterity Vest;-19;0
29;1;Aged Brie;-24;50
29;2;Elixir of the Mongoose;-24;0
29;3;Sulfuras, Hand of Ragnaros;0;80
29;4;Sulfuras, Hand of Ragnaros;-1;80
29;5;Backstage passes to a TAFKAL80ETC concert;-14;0
29;6;Backstage passes to a TAFKAL80ETC concert;-19;0
29;7;Backstage passes to a TAFKAL80ETC concert;-24;0
29;8;Conjured Mana Cake;-26;0
30;0;+5 Dexterity Vest;-20;0
30;1;Aged Brie;-24;50
30;2;Elixir of the Mongoose;-25;0
30;3;Sulfuras, Hand of Ragnaros;0;80
30;4;Sulfuras, Hand of Ragnaros;-1;80
30;5;Backstage passes to a TAFKAL80ETC concert;-15;0
30;6;Backstage passes to a TAFKAL80ETC concert;-20;0
30;7;Backstage passes to a TAFKAL80ETC concert;-25;0
30;8;Conjured Mana Cake;-27;0
31;0;+5 Dexterity Vest;-21;0
31;1;Aged Brie;-24;50
31;2;Elixir of the Mongoose;-26;0
31;3;Sulfuras, Hand of Ragnaros;0;80
31;4;Sulfuras, Hand of Ragnaros;-1;80
31;5;Backstage passes to a TAFKAL80ETC concert;-16;0
31;6;Backstage passes to a TAFKAL80ETC concert;-21;0
31;7;Backstage passes to a TAFKAL80ETC concert;-26;0
31;8;Conjured Mana Cake;-28;0
32;0;+5 Dexterity Vest;-22;0
32;1;Aged Brie;-24;50
32;2;Elixir of the Mongoose;-27;0
32;3;Sulfuras, Hand of Ragnaros;0;80
32;4;Sulfuras, Hand of Ragnaros;-1;80
32;5;Backstage passes to a TAFKAL80ETC concert;-17;0
32;6;Backstage passes to a TAFKAL80ETC concert;-22;0
32;7;Backstage passes to a TAFKAL80ETC concert;-27;0
32;8;Conjured Mana Cake;-29;0
33;0;+5 Dexterity Vest;-23;0
33;1;Aged Brie;-24;50
33;2;Elixir of the Mongoose;-28;0
33;3;Sulfuras, Hand of Ragnaros;0;80
33;4;Sulfuras, Hand of Ragnaros;-1;80
33;5;Backstage passes to a TAFKAL80ETC concert;-18;0
33;6;Backstage passes to a TAFKAL80ETC concert;-23;0
33;7;Backstage passes to a TAFKAL80ETC concert;-28;0
33;8;Conjured Mana Cake;-30;0
34;0;+5 Dexterity Vest;-24;0
34;1;Aged Brie;-24;50
34;2;Elixir of the Mongoose;-29;0
34;3;Sulfuras, Hand of Ragnaros;0;80
34;4;Sulfuras, Hand of Ragnaros;-1;80
34;5;Backstage passes to a TAFKAL80ETC concert;-19;0
34;6;Backstage passes to a TAFKAL80ETC concert;-24;0
34;7;Backstage passes to a TAFKAL80ETC concert;-29;0
34;8;Conjured Mana Cake;-31;0
35;0;+5 Dexterity Vest;-25;0
35;1;Aged Brie;-24;50
35;2;Elixir of the Mongoose;-30;0
35;3;Sulfuras, Hand of Ragnaros;0;80
35;4;Sulfuras, Hand of Ragnaros;-1;80
35;5;Backstage passes to a TAFKAL80ETC concert;-20;0
35;6;Backstage passes to a TAFKAL80ETC concert;-25;0
35;7;Backstage passes to a TAFKAL80ETC concert;-30;0
35;8;Conjured Mana Cake;-32;0
36;0;+5 Dexterity Vest;-26;0
36;1;Aged Brie;-24;50
36;2;Elixir of the Mongoose;-31;0
36;3;Sulfuras, Hand of Ragnaros;0;80
36;4;Sulfuras, Hand of Ragnaros;-1;80
36;5;Backstage passes to a TAFKAL80ETC concert;-21;0
36;6;Backstage passes to a TAFKAL80ETC concert;-26;0
36;7;Backstage passes to a TAFKAL80ETC concert;-31;0
36;8;Conjured Mana Cake;-33;0
37;0;+5 Dexterity Vest;-27;0
37;1;Aged Brie;-24;50
37;2;Elixir of the Mongoose;-32;0
37;3;Sulfuras, Hand of Ragnaros;0;80
37;4;Sulfuras, Hand of Ragnaros;-1;80
37;5;Backstage passes to a TAFKAL80ETC concert;-22;0
37;6;Backstage passes to a TAFKAL80ETC concert;-27;0
37;7;Backstage passes to a TAFKAL80ETC concert;-32;0
37;8;Conjured Mana Cake;-34;0
38;0;+5 Dexterity Vest;-28;0
38;1;Aged Brie;-24;50
38;2;Elixir of the Mongoose;-33;0
38;3;Sulfuras, Hand of Ragnaros;0;80
38;4;Sulfuras, Hand of Ragnaros;-1;80
38;5;Backstage passes to a TAFKAL80ETC concert;-23;0
38;6;Backstage passes to a TAFKAL80ETC concert;-28;0
38;7;Backstage passes to a TAFKAL80ETC concert;-33;0
38;8;Conjured Mana Cake;-35;0
39;0;+5 Dexterity Vest;-29;0
39;1;Aged Brie;-24;50
39;2;Elixir of the Mongoose;-34;0
39;3;Sulfuras, Hand of Ragnaros;0;80
39;4;Sulfuras, Hand of Ragnaros;-1;80
39;5;Backstage passes to a TAFKAL80ETC concert;-24;0
39;6;Backstage passes to a TAFKAL80ETC concert;-29;0
39;7;Backstage passes to a TAFKAL80ETC concert;-34;0
39;8;Conjured Mana Cake;-36;0
40;0;+5 Dexterity Vest;-30;0
40;1;Aged Brie;-24;50
40;2;Elixir of the Mongoose;-35;0
40;3;Sulfuras, Hand of Ragnaros;0;80
40;4;Sulfuras, Hand of Ragnaros;-1;80
40;5;Backstage passes to a TAFKAL80ETC concert;-25;0
40;6;Backstage passes to a TAFKAL80ETC concert;-30;0
40;7;Backstage passes to a TAFKAL80ETC concert;-35;0
40;8;Conjured Mana Cake;-37;0
41;0;+5 Dexterity Vest;-31;0
41;1;Aged Brie;-24;50
41;2;Elixir of the Mongoose;-36;0
41;3;Sulfuras, Hand of Ragnaros;0;80
41;4;Sulfuras, Hand of Ragnaros;-1;80
41;5;Backstage passes to a TAFKAL80ETC concert;-26;0
41;6;Backstage passes to a TAFKAL80ETC concert;-31;0
41;7;Backstage passes to a TAFKAL80ETC concert;-36;0
41;8;Conjured Mana Cake;-38;0
42;0;+5 Dexterity Vest;-32;0
42;1;Aged Brie;-24;50
42;2;Elixir of the Mongoose;-37;0
42;3;Sulfuras, Hand of Ragnaros;0;80
42;4;Sulfuras, Hand of Ragnaros;-1;80
42;5;Backstage passes to a TAFKAL80ETC concert;-27;0
42;6;Backstage passes to a TAFKAL80ETC concert;-32;0
42;7;Backstage passes to a TAFKAL80ETC concert;-37;0
42;8;Conjured Mana Cake;-39;0
43;0;+5 Dexterity Vest;-33;0
43;1;Aged Brie;-24;50
43;2;Elixir of the Mongoose;-38;0
43;3;Sulfuras, Hand of Ragnaros;0;80
43;4;Sulfuras, Hand of Ragnaros;-1;80
43;5;Backstage passes to a TAFKAL80ETC concert;-28;0
43;6;Backstage passes to a TAFKAL80ETC concert;-33;0
43;7;Backstage passes to a TAFKAL80ETC concert;-38;0
43;8;Conjured Mana Cake;-40;0
44;0;+5 Dexterity Vest;-34;0
44;1;Aged Brie;-24;50
44;2;Elixir of the Mongoose;-39;0
44;3;Sulfuras, Hand of Ragnaros;0;80
44;4;Sulfuras, Hand of Ragnaros;-1;80
44;5;Backstage passes to a TAFKAL80ETC concert;-29;0
44;6;Backstage passes to a TAFKAL80ETC concert;-34;0
44;7;Backstage passes to a TAFKAL80ETC concert;-39;0
44;8;Conjured Mana Cake;-41;0
45;0;+5 Dexterity Vest;-35;0
45;1;Aged Brie;-24;50
45;2;Elixir of the Mongoose;-40;0
45;3;Sulfuras, Hand of Ragnaros;0;80
45;4;Sulfuras, Hand of Ragnaros;-1;80
45;5;Backstage passes to a TAFKAL80ETC concert;-30;0
45;6;Backstage passes to a TAFKAL80ETC concert;-35;0
45;7;Backstage passes to a TAFKAL80ETC concert;-40;0
45;8;Conjured Mana Cake;-42;0
46;0;+5 Dexterity Vest;-36;0
46;1;Aged Brie;-24;50
46;2;Elixir of the Mongoose;-41;0
46;3;Sulfuras, Hand of Ragnaros;0;80
46;4;Sulfuras, Hand of Ragnaros;-1;80
46;5;Backstage passes to a TAFKAL80ETC concert;-31;0
46;6;Backstage passes to a TAFKAL80ETC concert;-36;0
46;7;Backstage passes to a TAFKAL80ETC concert;-41;0
46;8;Conjured Mana Cake;-43;0
47;0;+5 Dexterity Vest;-37;0
47;1;Aged Brie;-24;50
47;2;Elixir of the Mongoose;-42;0
47;3;Sulfuras, Hand of Ragnaros;0;80
47;4;Sulfuras, Hand of Ragnaros;-1;80
47;5;Backstage passes to a TAFKAL80ETC concert;-32;0
47;6;Backstage passes to a TAFKAL80ETC concert;-37;0
47;7;Backstage passes to a TAFKAL80ETC concert;-42;0
47;8;Conjured Mana Cake;-44;0
48;0;+5 Dexterity Vest;-38;0
48;1;Aged Brie;-24;50
48;2;Elixir of the Mongoose;-43;0
48;3;Sulfuras, Hand of Ragnaros;0;80
48;4;Sulfuras, Hand of Ragnaros;-1;80
48;5;Backstage passes to a TAFKAL80ETC concert;-33;0
48;6;Backstage passes to a TAFKAL80ETC concert;-38;0
48;7;Backstage passes to a TAFKAL80ETC concert;-43;0
48;8;Conjured Mana Cake;-45;0
49;0;+5 Dexterity Vest;-39;0
49;1;Aged Brie;-24;50
49;2;Elixir of the Mongoose;-44;0
49;3;Sulfuras, Hand of Ragnaros;0;80
49;4;Sulfuras, Hand of Ragnaros;-1;80
49;5;Backstage passes to a TAFKAL80ETC concert;-34;0
49;6;Backstage passes to a TAFKAL80ETC concert;-39;0
49;7;Backstage passes to a TAFKAL80ETC concert;-44;0
49;8;Conjured Mana Cake;-46;0
50;0;+5 Dexterity Vest;-40;0
50;1;Aged Brie;-24;50
50;2;Elixir of the Mongoose;-45;0
50;3;Sulfuras, Hand of Ragnaros;0;80
50;4;Sulfuras, Hand of Ragnaros;-1;80
50;5;Backstage passes to a TAFKAL80ETC concert;-35;0
50;6;Backstage passes to a TAFKAL80ETC concert;-40;0
50;7;Backstage passes to a TAFKAL80ETC concert;-45;0
50;8;Conjured Mana Cake;-47;0
51;0;+5 Dexterity Vest;-41;0
51;1;Aged Brie;-24;50
51;2;Elixir of the Mongoose;-46;0
51;3;Sulfuras, Hand of Ragnaros;0;80
51;4;Sulfuras, Hand of Ragnaros;-1;80
51;5;Backstage passes to a TAFKAL80ETC concert;-36;0
51;6;Backstage passes to a TAFKAL80ETC concert;-41;0
51;7;Backstage passes to a TAFKAL80ETC concert;-46;0
51;8;Conjured Mana Cake;-48;0
52;0;+5 Dexterity Vest;-42;0
52;1;Aged Brie;-24;50
52;2;Elixir of the Mongoose;-47;0
52;3;Sulfuras, Hand of Ragnaros;0;80
52;4;Sulfuras, Hand of Ragnaros;-1;80
52;5;Backstage passes to a TAFKAL80ETC concert;-37;0
52;6;Backstage passes to a TAFKAL80ETC concert;-42;0
52;7;Backstage passes to a TAFKAL80ETC concert;-47;0
52;8;Conjured Mana Cake;-49;0
53;0;+5 Dexterity Vest;-43;0
53;1;Aged Brie;-24;50
53;2;Elixir of the Mongoose;-48;0
53;3;Sulfuras, Hand of Ragnaros;0;80
53;4;Sulfuras, Hand of Ragnaros;-1;80
53;5;Backstage passes to a TAFKAL80ETC concert;-38;0
53;6;Backstage passes to a TAFKAL80ETC concert;-43;0
53;7;Backstage passes to a TAFKAL80ETC concert;-48;0
53;8;Conjured Mana Cake;-50;0
54;0;+5 Dexterity Vest;-44;0
54;1;Aged Brie;-24;50
54;2;Elixir of the Mongoose;-49;0
54;3;Sulfuras, Hand of Ragnaros;0;80
54;4;Sulfuras, Hand of Ragnaros;-1;80
54;5;Backstage passes to a TAFKAL80ETC concert;-39;0
54;6;Backstage passes to a TAFKAL80ETC concert;-44;0
54;7;Backstage passes to a TAFKAL80ETC concert;-49;0
54;8;Conjured Mana Cake;-51;0
55;0;+5 Dexterity Vest;-45;0
55;1;Aged Brie;-24;50
55;2;Elixir of the Mongoose;-50;0
55;3;Sulfuras, Hand of Ragnaros;0;80
55;4;Sulfuras, Hand of Ragnaros;-1;80
55;5;Backstage passes to a TAFKAL80ETC concert;-40;0
55;6;Backstage passes to a TAFKAL80ETC concert;-45;0
55;7;Backstage passes to a TAFKAL80ETC concert;-50;0
55;8;Conjured Mana Cake;-52;0
56;0;+5 Dexterity Vest;-46;0
56;1;Aged Brie;-24;50
56;2;Elixir of the Mongoose;-51;0
56;3;Sulfuras, Hand of Ragnaros;0;80
56;4;Sulfuras, Hand of Ragnaros;-1;80
56;5;Backstage passes to a TAFKAL80ETC concert;-41;0
56;6;Backstage passes to a TAFKAL80ETC concert;-46;0
56;7;Backstage passes to a TAFKAL80ETC concert;-51;0
56;8;Conjured Mana Cake;-53;0
57;0;+5 Dexterity Vest;-47;0
57;1;Aged Brie;-24;50
57;2;Elixir of the Mongoose;-52;0
57;3;Sulfuras, Hand of Ragnaros;0;80
57;4;Sulfuras, Hand of Ragnaros;-1;80
57;5;Backstage passes to a TAFKAL80ETC concert;-42;0
57;6;Backstage passes to a TAFKAL80ETC concert;-47;0
57;7;Backstage passes to a TAFKAL80ETC concert;-52;0
57;8;Conjured Mana Cake;-54;0
58;0;+5 Dexterity Vest;-48;0
58;1;Aged Brie;-24;50
58;2;Elixir of the Mongoose;-53;0
58;3;Sulfuras, Hand of Ragnaros;0;80
58;4;Sulfuras, Hand of Ragnaros;-1;80
58;5;Backstage passes to a TAFKAL80ETC concert;-43;0
58;6;Backstage passes to a TAFKAL80ETC concert;-48;0
58;7;Backstage passes to a TAFKAL80ETC concert;-53;0
58;8;Conjured Mana Cake;-55;0
59;0;+5 Dexterity Vest;-49;0
59;1;Aged Brie;-24;50
59;2;Elixir of the Mongoose;-54;0
59;3;Sulfuras, Hand of Ragnaros;0;80
59;4;Sulfuras, Hand of Ragnaros;-1;80
59;5;Backstage passes to a TAFKAL80ETC concert;-44;0
59;6;Backstage passes to a TAFKAL80ETC concert;-49;0
59;7;Backstage passes to a TAFKAL80ETC concert;-54;0
59;8;Conjured Mana Cake;-56;0
60;0;+5 Dexterity Vest;-50;0
60;1;Aged Brie;-24;50
60;2;Elixir of the Mongoose;-55;0
60;3;Sulfuras, Hand of Ragnaros;0;80
60;4;Sulfuras, Hand of Ragnaros;-1;80
60;5;Backstage passes to a TAFKAL80ETC concert;-45;0
60;6;Backstage passes to a TAFKAL80ETC concert;-50;0
60;7;Backstage passes to a TAFKAL80ETC concert;-55;0
60;8;Conjured Mana Cake;-57;0
61;0;+5 Dexterity Vest;-51;0
61;1;Aged Brie;-24;50
61;2;Elixir of the Mongoose;-56;0
61;3;Sulfuras, Hand of Ragnaros;0;80
61;4;Sulfuras, Hand of Ragnaros;-1;80
61;5;Backstage passes to a TAFKAL80ETC concert;-46;0
61;6;Backstage passes to a TAFKAL80ETC concert;-51;0
61;7;Backstage passes to a TAFKAL80ETC concert;-56;0
61;8;Conjured Mana Cake;-58;0
62;0;+5 Dexterity Vest;-52;0
62;1;Aged Brie;-24;50
62;2;Elixir of the Mongoose;-57;0
62;3;Sulfuras, Hand of Ragnaros;0;80
62;4;Sulfuras, Hand of Ragnaros;-1;80
62;5;Backstage passes to a TAFKAL80ETC concert;-47;0
62;6;Backstage passes to a TAFKAL80ETC concert;-52;0
62;7;Backstage passes to a TAFKAL80ETC concert;-57;0
62;8;Conjured Mana Cake;-59;0
63;0;+5 Dexterity Vest;-53;0
63;1;Aged Brie;-24;50
63;2;Elixir of the Mongoose;-58;0
63;3;Sulfuras, Hand of Ragnaros;0;80
63;4;Sulfuras, Hand of Ragnaros;-1;80
63;5;Backstage passes to a TAFKAL80ETC concert;-48;0
63;6;Backstage passes to a TAFKAL80ETC concert;-53;0
63;7;Backstage passes to a TAFKAL80ETC concert;-58;0
63;8;Conjured Mana Cake;-60;0
64;0;+5 Dexterity Vest;-54;0
64;1;Aged Brie;-24;50
64;2;Elixir of the Mongoose;-59;0
64;3;Sulfuras, Hand of Ragnaros;0;80
64;4;Sulfuras, Hand of Ragnaros;-1;80
64;5;Backstage passes to a TAFKAL80ETC concert;-49;0
64;6;Backstage passes to a TAFKAL80ETC concert;-54;0
64;7;Backstage passes to a TAFKAL80ETC concert;-59;0
64;8;Conjured Mana Cake;-61;0
65;0;+5 Dexterity Vest;-55;0
65;1;Aged Brie;-24;50
65;2;Elixir of the Mongoose;-60;0
65;3;Sulfuras, Hand of Ragnaros;0;80
65;4;Sulfuras, Hand of Ragnaros;-1;80
65;5;Backstage passes to a TAFKAL80ETC concert;-50;0
65;6;Backstage passes to a TAFKAL80ETC concert;-55;0
65;7;Backstage passes to a TAFKAL80ETC concert;-60;0
65;8;Conjured Mana Cake;-62;0
66;0;+5 Dexterity Vest;-56;0
66;1;Aged Brie;-24;50
66;2;Elixir of the Mongoose;-61;0
66;3;Sulfuras, Hand of Ragnaros;0;80
66;4;Sulfuras, Hand of Ragnaros;-1;80
66;5;Backstage passes to a TAFKAL80ETC concert;-51;0
66;6;Backstage passes to a TAFKAL80ETC concert;-56;0
66;7;Backstage passes to a TAFKAL80ETC concert;-61;0
66;8;Conjured Mana Cake;-63;0
67;0;+5 Dexterity Vest;-57;0
67;1;Aged Brie;-24;50
67;2;Elixir of the Mongoose;-62;0
67;3;Sulfuras, Hand of Ragnaros;0;80
67;4;Sulfuras, Hand of Ragnaros;-1;80
67;5;Backstage passes to a TAFKAL80ETC concert;-52;0
67;6;Backstage passes to a TAFKAL80ETC concert;-57;0
67;7;Backstage passes to a TAFKAL80ETC concert;-62;0
67;8;Conjured Mana Cake;-64;0
68;0;+5 Dexterity Vest;-58;0
68;1;Aged Brie;-24;50
68;2;Elixir of the Mongoose;-63;0
68;3;Sulfuras, Hand of Ragnaros;0;80
68;4;Sulfuras, Hand of Ragnaros;-1;80
68;5;Backstage passes to a TAFKAL80ETC concert;-53;0
68;6;Backstage passes to a TAFKAL80ETC concert;-58;0
68;7;Backstage passes to a TAFKAL80ETC concert;-63;0
68;8;Conjured Mana Cake;-65;0
69;0;+5 Dexterity Vest;-59;0
69;1;Aged Brie;-24;50
69;2;Elixir of the Mongoose;-64;0
69;3;Sulfuras, Hand of Ragnaros;0;80
69;4;Sulfuras, Hand of Ragnaros;-1;80
69;5;Backstage passes to a TAFKAL80ETC concert;-54;0
69;6;Backstage passes to a TAFKAL80ETC concert;-59;0
69;7;Backstage passes to a TAFKAL80ETC concert;-64;0
69;8;Conjured Mana Cake;-66;0
70;0;+5 Dexterity Vest;-60;0
70;1;Aged Brie;-24;50
70;2;Elixir of the Mongoose;-65;0
70;3;Sulfuras, Hand of Ragnaros;0;80
70;4;Sulfuras, Hand of Ragnaros;-1;80
70;5;Backstage passes to a TAFKAL80ETC concert;-55;0
70;6;Backstage passes to a TAFKAL80ETC concert;-60;0
70;7;Backstage passes to a TAFKAL80ETC concert;-65;0
70;8;Conjured Mana Cake;-67;0
71;0;+5 Dexterity Vest;-61;0
71;1;Aged Brie;-24;50
71;2;Elixir of the Mongoose;-66;0
71;3;Sulfuras, Hand of Ragnaros;0;80
71;4;Sulfuras, Hand of Ragnaros;-1;80
71;5;Backstage passes to a TAFKAL80ETC concert;-56;0
71;6;Backstage passes to a TAFKAL80ETC concert;-61;0
71;7;Backstage passes to a TAFKAL80ETC concert;-66;0
71;8;Conjured Mana Cake;-68;0
72;0;+5 Dexterity Vest;-62;0
72;1;Aged Brie;-24;50
72;2;Elixir of the Mongoose;-67;0
72;3;Sulfuras, Hand of Ragnaros;0;80
72;4;Sulfuras, Hand of Ragnaros;-1;80
72;5;Backstage passes to a TAFKAL80ETC concert;-57;0
72;6;Backstage passes to a TAFKAL80ETC concert;-62;0
72;7;Backstage passes to a TAFKAL80ETC concert;-67;0
72;8;Conjured Mana Cake;-69;0
73;0;+5 Dexterity Vest;-63;0
73;1;Aged Brie;-24;50
73;2;Elixir of the Mongoose;-68;0
73;3;Sulfuras, Hand of Ragnaros;0;80
73;4;Sulfuras, Hand of Ragnaros;-1;80
73;5;Backstage passes to a TAFKAL80ETC concert;-58;0
73;6;Backstage passes to a TAFKAL80ETC concert;-63;0
73;7;Backstage passes to a TAFKAL80ETC concert;-68;0
73;8;Conjured Mana Cake;-70;0
74;0;+5 Dexterity Vest;-64;0
74;1;Aged Brie;-24;50
74;2;Elixir of the Mongoose;-69;0
74;3;Sulfuras, Hand of Ragnaros;0;80
74;4;Sulfuras, Hand of Ragnaros;-1;80
74;5;Backstage passes to a TAFKAL80ETC concert;-59;0
74;6;Backstage passes to a TAFKAL80ETC concert;-64;0
74;7;Backstage passes to a TAFKAL80ETC concert;-69;0
74;8;Conjured Mana Cake;-71;0
75;0;+5 Dexterity Vest;-65;0
75;1;Aged Brie;-24;50
75;2;Elixir of the Mongoose;-70;0
75;3;Sulfuras, Hand of Ragnaros;0;80
75;4;Sulfuras, Hand of Ragnaros;-1;80
75;5;Backstage passes to a TAFKAL80ETC concert;-60;0
75;6;Backstage passes to a TAFKAL80ETC concert;-65;0
75;7;Backstage passes to a TAFKAL80ETC concert;-70;0
75;8;Conjured Mana Cake;-72;0
76;0;+5 Dexterity Vest;-66;0
76;1;Aged Brie;-24;50
76;2;Elixir of the Mongoose;-71;0
76;3;Sulfuras, Hand of Ragnaros;0;80
76;4;Sulfuras, Hand of Ragnaros;-1;80
76;5;Backstage passes to a TAFKAL80ETC concert;-61;0
76;6;Backstage passes to a TAFKAL80ETC concert;-66;0
76;7;Backstage passes to a TAFKAL80ETC concert;-71;0
76;8;Conjured Mana Cake;-73;0
77;0;+5 Dexterity Vest;-67;0
77;1;Aged Brie;-24;50
77;2;Elixir of the Mongoose;-72;0
77;3;Sulfuras, Hand of Ragnaros;0;80
77;4;Sulfuras, Hand of Ragnaros;-1;80
77;5;Backstage passes to a TAFKAL80ETC concert;-62;0
77;6;Backstage passes to a TAFKAL80ETC concert;-67;0
77;7;Backstage passes to a TAFKAL80ETC concert;-72;0
77;8;Conjured Mana Cake;-74;0
78;0;+5 Dexterity Vest;-68;0
78;1;Aged Brie;-24;50
78;2;Elixir of the Mongoose;-73;0
78;3;Sulfuras, Hand of Ragnaros;0;80
78;4;Sulfuras, Hand of Ragnaros;-1;80
78;5;Backstage passes to a TAFKAL80ETC concert;-63;0
78;6;Backstage passes to a TAFKAL80ETC concert;-68;0
78;7;Backstage passes to a TAFKAL80ETC concert;-73;0
78;8;Conjured Mana Cake;-75;0
79;0;+5 Dexterity Vest;-69;0
79;1;Aged Brie;-24;50
79;2;Elixir of the Mongoose;-74;0
79;3;Sulfuras, Hand of Ragnaros;0;80
79;4;Sulfuras, Hand of Ragnaros;-1;80
79;5;Backstage passes to a TAFKAL80ETC concert;-64;0
79;6;Backstage passes to a TAFKAL80ETC concert;-69;0
79;7;Backstage passes to a TAFKAL80ETC concert;-74;0
79;8;Conjured Mana Cake;-76;0
80;0;+5 Dexterity Vest;-70;0
80;1;Aged Brie;-24;50
80;2;Elixir of the Mongoose;-75;0
80;3;Sulfuras, Hand of Ragnaros;0;80
80;4;Sulfuras, Hand of Ragnaros;-1;80
80;5;Backstage passes to a TAFKAL80ETC concert;-65;0
80;6;Backstage passes to a TAFKAL80ETC concert;-70;0
80;7;Backstage passes to a TAFKAL80ETC concert;-75;0
80;8;Conjured Mana Cake;-77;0
81;0;+5 Dexterity Vest;-71;0
81;1;Aged Brie;-24;50
81;2;Elixir of the Mongoose;-76;0
81;3;Sulfuras, Hand of Ragnaros;0;80
81;4;Sulfuras, Hand of Ragnaros;-1;80
81;5;Backstage passes to a TAFKAL80ETC concert;-66;0
81;6;Backstage passes to a TAFKAL80ETC concert;-71;0
81;7;Backstage passes to a TAFKAL80ETC concert;-76;0
81;8;Conjured Mana Cake;-78;0
82;0;+5 Dexterity Vest;-72;0
82;1;Aged Brie;-24;50
82;2;Elixir of the Mongoose;-77;0
82;3;Sulfuras, Hand of Ragnaros;0;80
82;4;Sulfuras, Hand of Ragnaros;-1;80
82;5;Backstage passes to a TAFKAL80ETC concert;-67;0
82;6;Backstage passes to a TAFKAL80ETC concert;-72;0
82;7;Backstage passes to a TAFKAL80ETC concert;-77;0
82;8;Conjured Mana Cake;-79;0
83;0;+5 Dexterity Vest;-73;0
83;1;Aged Brie;-24;50
83;2;Elixir of the Mongoose;-78;0
83;3;Sulfuras, Hand of Ragnaros;0;80
83;4;Sulfuras, Hand of Ragnaros;-1;80
83;5;Backstage passes to a TAFKAL80ETC concert;-68;0
83;6;Backstage passes to a TAFKAL80ETC concert;-73;0
83;7;Backstage passes to a TAFKAL80ETC concert;-78;0
83;8;Conjured Mana Cake;-80;0
84;0;+5 Dexterity Vest;-74;0
84;1;Aged Brie;-24;50
84;2;Elixir of the Mongoose;-79;0
84;3;Sulfuras, Hand of Ragnaros;0;80
84;4;Sulfuras, Hand of Ragnaros;-1;80
84;5;Backstage passes to a TAFKAL80ETC concert;-69;0
84;6;Backstage passes to a TAFKAL80ETC concert;-74;0
84;7;Backstage passes to a TAFKAL80ETC concert;-79;0
84;8;Conjured Mana Cake;-81;0
85;0;+5 Dexterity Vest;-75;0
85;1;Aged Brie;-24;50
85;2;Elixir of the Mongoose;-80;0
85;3;Sulfuras, Hand of Ragnaros;0;80
85;4;Sulfuras, Hand of Ragnaros;-1;80
85;5;Backstage passes to a TAFKAL80ETC concert;-70;0
85;6;Backstage passes to a TAFKAL80ETC concert;-75;0
85;7;Backstage passes to a TAFKAL80ETC concert;-80;0
85;8;Conjured Mana Cake;-82;0
86;0;+5 Dexterity Vest;-76;0
86;1;Aged Brie;-24;50
86;2;Elixir of the Mongoose;-81;0
86;3;Sulfuras, Hand of Ragnaros;0;80
86;4;Sulfuras, Hand of Ragnaros;-1;80
86;5;Backstage passes to a TAFKAL80ETC concert;-71;0
86;6;Backstage passes to a TAFKAL80ETC concert;-76;0
86;7;Backstage passes to a TAFKAL80ETC concert;-81;0
86;8;Conjured Mana Cake;-83;0
87;0;+5 Dexterity Vest;-77;0
87;1;Aged Brie;-24;50
87;2;Elixir of the Mongoose;-82;0
87;3;Sulfuras, Hand of Ragnaros;0;80
87;4;Sulfuras, Hand of Ragnaros;-1;80
87;5;Backstage passes to a TAFKAL80ETC concert;-72;0
87;6;Backstage passes to a TAFKAL80ETC concert;-77;0
87;7;Backstage passes to a TAFKAL80ETC concert;-82;0
87;8;Conjured Mana Cake;-84;0
88;0;+5 Dexterity Vest;-78;0
88;1;Aged Brie;-24;50
88;2;Elixir of the Mongoose;-83;0
88;3;Sulfuras, Hand of Ragnaros;0;80
88;4;Sulfuras, Hand of Ragnaros;-1;80
88;5;Backstage passes to a TAFKAL80ETC concert;-73;0
88;6;Backstage passes to a TAFKAL80ETC concert;-78;0
88;7;Backstage passes to a TAFKAL80ETC concert;-83;0
88;8;Conjured Mana Cake;-85;0
89;0;+5 Dexterity Vest;-79;0
89;1;Aged Brie;-24;50
89;2;Elixir of the Mongoose;-84;0
89;3;Sulfuras, Hand of Ragnaros;0;80
89;4;Sulfuras, Hand of Ragnaros;-1;80
89;5;Backstage passes to a TAFKAL80ETC concert;-74;0
89;6;Backstage passes to a TAFKAL80ETC concert;-79;0
89;7;Backstage passes to a TAFKAL80ETC concert;-84;0
89;8;Conjured Mana Cake;-86;0
90;0;+5 Dexterity Vest;-80;0
90;1;Aged Brie;-24;50
90;2;Elixir of the Mongoose;-85;0
90;3;Sulfuras, Hand of Ragnaros;0;80
90;4;Sulfuras, Hand of Ragnaros;-1;80
90;5;Backstage passes to a TAFKAL80ETC concert;-75;0
90;6;Backstage passes to a TAFKAL80ETC concert;-80;0
90;7;Backstage passes to a TAFKAL80ETC concert;-85;0
90;8;Conjured Mana Cake;-87;0
91;0;+5 Dexterity Vest;-81;0
91;1;Aged Brie;-24;50
91;2;Elixir of the Mongoose;-86;0
91;3;Sulfuras, Hand of Ragnaros;0;80
91;4;Sulfuras, Hand of Ragnaros;-1;80
91;5;Backstage passes to a TAFKAL80ETC concert;-76;0
91;6;Backstage passes to a TAFKAL80ETC concert;-81;0
91;7;Backstage passes to a TAFKAL80ETC concert;-86;0
91;8;Conjured Mana Cake;-88;0
92;0;+5 Dexterity Vest;-82;0
92;1;Aged Brie;-24;50
92;2;Elixir of the Mongoose;-87;0
92;3;Sulfuras, Hand of Ragnaros;0;80
92;4;Sulfuras, Hand of Ragnaros;-1;80
92;5;Backstage passes to a TAFKAL80ETC concert;-77;0
92;6;Backstage passes to a TAFKAL80ETC concert;-82;0
92;7;Backstage passes to a TAFKAL80ETC concert;-87;0
92;8;Conjured Mana Cake;-89;0
93;0;+5 Dexterity Vest;-83;0
93;1;Aged Brie;-24;50
93;2;Elixir of the Mongoose;-88;0
93;3;Sulfuras, Hand of Ragnaros;0;80
93;4;Sulfuras, Hand of Ragnaros;-1;80
93;5;Backstage passes to a TAFKAL80ETC concert;-78;0
93;6;Backstage passes to a TAFKAL80ETC concert;-83;0
93;7;Backstage passes to a TAFKAL80ETC concert;-88;0
93;8;Conjured Mana Cake;-90;0
94;0;+5 Dexterity Vest;-84;0
94;1;Aged Brie;-24;50
94;2;Elixir of the Mongoose;-89;0
94;3;Sulfuras, Hand of Ragnaros;0;80
94;4;Sulfuras, Hand of Ragnaros;-1;80
94;5;Backstage passes to a TAFKAL80ETC concert;-79;0
94;6;Backstage passes to a TAFKAL80ETC concert;-84;0
94;7;Backstage passes to a TAFKAL80ETC concert;-89;0
94;8;Conjured Mana Cake;-91;0
95;0;+5 Dexterity Vest;-85;0
95;1;Aged Brie;-24;50
95;2;Elixir of the Mongoose;-90;0
95;3;Sulfuras, Hand of Ragnaros;0;80
95;4;Sulfuras, Hand of Ragnaros;-1;80
95;5;Backstage passes to a TAFKAL80ETC concert;-80;0
95;6;Backstage passes to a TAFKAL80ETC concert;-85;0
95;7;Backstage passes to a TAFKAL80ETC concert;-90;0
95;8;Conjured Mana Cake;-92;0
96;0;+5 Dexterity Vest;-86;0
96;1;Aged Brie;-24;50
96;2;Elixir of the Mongoose;-91;0
96;3;Sulfuras, Hand of Ragnaros;0;80
96;4;Sulfuras, Hand of Ragnaros;-1;80
96;5;Backstage passes to a TAFKAL80ETC concert;-81;0
96;6;Backstage passes to a TAFKAL80ETC concert;-86;0
96;7;Backstage passes to a TAFKAL80ETC concert;-91;0
96;8;Conjured Mana Cake;-93;0
97;0;+5 Dexterity Vest;-87;0
97;1;Aged Brie;-24;50
97;2;Elixir of the Mongoose;-92;0
97;3;Sulfuras, Hand of Ragnaros;0;80
97;4;Sulfuras, Hand of Ragnaros;-1;80
97;5;Backstage passes to a TAFKAL80ETC concert;-82;0
97;6;Backstage passes to a TAFKAL80ETC concert;-87;0
97;7;Backstage passes to a TAFKAL80ETC concert;-92;0
97;8;Conjured Mana Cake;-94;0
98;0;+5 Dexterity Vest;-88;0
98;1;Aged Brie;-24;50
98;2;Elixir of the Mongoose;-93;0
98;3;Sulfuras, Hand of Ragnaros;0;80
98;4;Sulfuras, Hand of Ragnaros;-1;80
98;5;Backstage passes to a TAFKAL80ETC concert;-83;0
98;6;Backstage passes to a TAFKAL80ETC concert;-88;0
98;7;Backstage passes to a TAFKAL80ETC concert;-93;0
98;8;Conjured Mana Cake;-95;0
99;0;+5 Dexterity Vest;-89;0
99;1;Aged Brie;-24;50
99;2;Elixir of the Mongoose;-94;0
99;3;Sulfuras, Hand of Ragnaros;0;80
99;4;Sulfuras, Hand of Ragnaros;-1;80
99;5;Backstage passes to a TAFKAL80ETC concert;-84;0
99;6;Backstage passes to a TAFKAL80ETC concert;-89;0
99;7;Backstage passes to a TAFKAL80ETC concert;-94;0
99;8;Conjured Mana Cake;-96;0
100;0;+5 Dexterity Vest;-90;0
100;1;Aged Brie;-24;50
100;2;Elixir of the Mongoose;-95;0
100;3;Sulfuras, Hand of Ragnaros;0;80
100;4;Sulfuras, Hand of Ragnaros;-1;80
100;5;Backstage passes to a TAFKAL80ETC concert;-85;0
100;6;Backstage passes to a TAFKAL80ETC concert;-90;0
100;7;Backstage passes to a TAFKAL80ETC concert;-95;0
100;8;Conjured Mana Cake;-97;0
